UseunitID,Date,Country,Locality,LUC_Level1,Area,Longitude,Latitude,Altitude,drainage_intensity,type_flooding,WET_hydro,WET_geo,WET_wat,WET_veg,WET_hydro_off,WET_hydro_all,TotalAnnual,TotalPerennial,CovCrops,VegCovTotal,VertStruc,AnnualProp,VegCover,intensity,soildist,fertilizer_p,pestcide_p,manure_p,livegraze,regess,provess,suppoess,cultess,sellprod,Irrigation,hhsize,welroof,welfloor,welwall,distmkt,pop,tenure,InputCrop,Welfare,ESS
Ug_NA_00211_05,20131211,Uganda,Kampala,grazing_land,11700.73936,32.67108576,0.61494033,1125,4,spor_f,4,4,7,7,3.6,6,3,97,0,99.5,2,0.03,99.5,Non use,No  tillage,No,No,No,Yes,No,Yes,No,No,No,No,6,2,1,2,2,Moderately  populated,Private indivindual ownership,0,0.714285714,1
Ug_NA_00211_02,20131211,Uganda,Kampala,fallow,8320.27259,32.67163454,0.613342843,1125,5,non_f,5,2,2,8,3.6,6,35,40,2.5,77.5,2,0.466666667,75,Moderate,No  tillage,No,No,No,No,No,Yes,No,No,No,No,6,2,1,2,2,Moderately  populated,Private indivindual ownership,0,0.714285714,1
Ug_NA_00211_03,20131211,Uganda,Kampala,semi_natural_vegetation,6462.048565,32.67028544,0.61330171,1125,5,non_f,5,1,1,5,3.6,6,0.5,102,0,97.5,2,0.004878049,97.5,Non use,No  tillage,No,No,No,No,Yes,Yes,Yes,No,No,No,6,2,1,2,2,Moderately  populated,Private indivindual ownership,0,0.714285714,3
Ug_NA_00211_01,20131211,Uganda,Kampala,agriculture,15218.75191,32.67076626,0.613638701,1125,9,spor_f,9,4,7,9,3.6,9,41,6,36.66666667,80,1,0.872340426,43.33333333,High,Manual tillage,No,No,No,No,No,Yes,No,No,Yes,No,6,2,1,2,2,Moderately  populated,Private indivindual ownership,0,0.714285714,1
Ug_NA_01713_03,20131212,Uganda,Kampala,grazing_land,15608.45742,32.63031681,0.57176789,1145,1,non_f,1,4,6,6,3.6,3,1,99,0,95,2,0.01,95,Non use,Manual tillage,No,No,No,Yes,No,Yes,No,No,No,No,7,2,2,2,1.5,Moderately  populated,Private indivindual ownership,0,0.857142857,1
Ug_NA_01713_01,20131212,Uganda,Kampala,agriculture,13762.43998,32.62980343,0.570653229,1145,10,non_f,10,2,5,8,3.6,9,16.33333333,23.33333333,45,78.33333333,1,0.411764706,33.33333333,High,Manual tillage,Yes,No,No,No,No,Yes,No,No,Yes,No,7,2,2,2,1.5,Moderately  populated,Private indivindual ownership,1,0.857142857,1
Ug_NA_01713_04,20131212,Uganda,Kampala,fallow,762.4997271,32.63027582,0.571203083,1145,4,non_f,4,1,1,4,3.6,6,5,95,0,95,2,0.05,95,Low,Manual tillage,No,No,No,No,No,Yes,No,No,No,No,7,2,2,2,1.5,Moderately  populated,Private indivindual ownership,0,0.857142857,1
Ug_NA_01896_03,20131206,Uganda,Kampala,semi_natural_vegetation,8944.453142,32.68301407,0.566761719,1115,0,perm_f,1,0,1,1,3.4,3,0,120,0,99,2,0,99,Non use,No  tillage,No,No,No,No,Yes,Yes,Yes,Yes,No,No,8,2,2,3,4,Moderately  populated,Private indivindual ownership,0,1,4
Ug_NA_01896_02,20131206,Uganda,Kampala,fallow,4200.002794,32.6823429,0.567472376,1115,0,non_f,1,1,1,8,3.4,3,25,75,0,100,2,0.25,100,Low,Manual tillage,No,No,No,No,No,No,No,No,No,No,8,2,2,3,4,Moderately  populated,Private indivindual ownership,0,1,0
Ug_NA_01896_04,20131206,Uganda,Kampala,agriculture,31806.39498,32.68153581,0.56657209,1092,0,non_f,4,3,5,10,3.4,6,17,2.5,47.5,75,2,0.871794872,27.5,High,Manual tillage,No,No,No,No,No,Yes,No,No,Yes,No,8,2,2,2,4,Moderately  populated,Private indivindual ownership,0,0.857142857,1
Ug_NA_01896_01,20131206,Uganda,Kampala,agriculture,13639.52161,32.68259048,0.566459599,1092,9,non_f,9,4,3,8,3.4,9,20,25,37.5,62.5,2,0.444444444,25,Low,Excavated land,No,Yes,No,No,No,Yes,No,No,Yes,No,8,2,2,3,4,Moderately  populated,Private indivindual ownership,1,1,1
Ug_NA_01896_05,20131206,Uganda,Kampala,grazing_land,3926.620104,32.68229991,0.565683178,1092,0,non_f,1,4,6,8,3.4,3,10,60,0,70,2,0.142857143,70,Non use,Manual tillage,No,No,No,No,No,Yes,No,No,No,No,8,2,2,2,4,Moderately  populated,Private indivindual ownership,0,0.857142857,1
Ug_NA_03232_03,20131203,Uganda,Kampala,semi_natural_vegetation,16747.96521,32.62818283,0.527904131,1114,3,perm_f,3,1,1,4,2.8,4,2.5,98.5,0,92.5,2,0.024752475,92.5,Non use,No  tillage,No,No,No,No,Yes,No,Yes,No,No,No,4,2,1,2,2,Scarcely populated,Government (public) ownership,0,0.714285714,2
Ug_NA_03232_06,20131203,Uganda,Kampala,fallow,3196.071642,32.62800638,0.527263303,1114,3,spor_f,3,1,1,8,2.8,4,30,70,0,95,1,0.3,95,Low,No  tillage,No,No,No,No,No,No,No,No,No,No,4,2,1,2,2,Scarcely populated,Government (public) ownership,0,0.714285714,0
Ug_NA_03462_03,20131207,Uganda,Kampala,semi_natural_vegetation,18481.27008,32.60549933,0.521002403,1139,0,spor_f,0,0,0,2,2.9,3,0,104,0,100,3,0,100,Non use,No  tillage,No,No,No,No,Yes,Yes,Yes,Yes,No,No,6,2,1,1,0.5,Moderately  populated,Government (public) ownership,0,0.571428571,4
Ug_NA_03462_02,20131207,Uganda,Kampala,agriculture,33756.05049,32.60590244,0.521783378,1139,4,spor_f,4,4,6,8,2.9,6,16.75,12.25,31.25,59.75,1,0.577586207,28.5,High,Manual tillage,Yes,Yes,Yes,No,No,Yes,No,No,Yes,Yes,6,2,1,1,0.5,Moderately  populated,Government (public) ownership,4,0.571428571,1
Ug_NA_03462_01,20131207,Uganda,Kampala,agriculture,3163.946741,32.60625997,0.520333611,1139,3,spor_f,3,2,4,7,2.9,4,20,26,50,100,2,0.434782609,50,High,Manual tillage,No,No,No,No,No,Yes,No,No,Yes,No,6,2,2,3,0.5,Moderately  populated,Government (public) ownership,0,1,1
Ug_NA_04185_02,20131205,Uganda,Kampala,fallow,25755.19473,32.61260493,0.501581645,1114,3,spor_f,3,1,1,5,2.9,4,0.5,102,0,97,2,0.004878049,97,Low,No  tillage,No,No,No,No,No,Yes,No,No,No,No,4,2,2,2,0.2,Densely populated,Private indivindual ownership,0,0.857142857,1
Ug_NA_04585_01,20131205,Uganda,Kampala,agriculture,31549.23194,32.61270457,0.489653758,1118,4,spor_f,4,4,6,9,3.6,6,25.33333333,2,69.33333333,83.33333333,1,0.926829268,14,High,Manual tillage,Yes,Yes,Yes,No,No,Yes,No,No,Yes,Yes,5,2,2,2,0.4,Moderately  populated,Private indivindual ownership,4,0.857142857,1
Ug_NA_04585_02,20131205,Uganda,Kampala,semi_natural_vegetation,3362.765946,32.61215297,0.488829199,1118,3,spor_f,3,1,1,4,3.6,4,1.5,106.5,0,100,2,0.013888889,100,Non use,No  tillage,No,No,No,No,Yes,Yes,Yes,No,No,No,4,2,2,2,0.3,Moderately  populated,Private indivindual ownership,0,0.857142857,3
Ug_NA_05928_05,20131204,Uganda,Kampala,semi_natural_vegetation,1662.582818,32.57423823,0.451470112,1156,4,spor_f,4,1,1,3,2,6,2,83,0,90,1,0.023529412,90,Non use,No  tillage,No,No,No,No,Yes,Yes,Yes,No,No,No,8,2,2,2,0.2,Scarcely populated,Private indivindual ownership,0,0.857142857,3
Ug_NA_05928_04,20131204,Uganda,Kampala,semi_natural_vegetation,5635.953942,32.57522109,0.451577342,1166,0,spor_f,0,0,0,3,2,3,0,113,0,100,2,0,100,Non use,No  tillage,No,No,No,No,Yes,Yes,Yes,Yes,No,No,8,2,2,2,0.2,Scarcely populated,Private indivindual ownership,0,0.857142857,4
Ug_NA_05928_01,20131204,Uganda,Kampala,agriculture,28882.38335,32.57457227,0.451344602,1156,7,spor_f,8,4,7,7,2,9,9.5,14.25,46.25,81.25,2,0.4,35,High,Excavated land,No,Yes,Yes,No,No,Yes,No,No,Yes,Yes,8,2,2,2,0.2,Scarcely populated,Private indivindual ownership,3,0.857142857,1
Ug_NA_06586_04,20131204,Uganda,Kampala,semi_natural_vegetation,9327.596289,32.61465298,0.43218028,1154,4,spor_f,4,1,1,5,2.9,6,12.5,93.5,2.5,99,2,0.117924528,96.5,Non use,Excavated land,No,No,No,No,Yes,Yes,Yes,No,No,No,5,2,1,2,1,Densely populated,Private indivindual ownership,0,0.714285714,3
Ug_NA_06586_02,20131204,Uganda,Kampala,fallow,6279.003154,32.61555584,0.432892823,1154,3,spor_f,3,2,2,8,2.9,4,30,55,0,85,1,0.352941176,85,Low,No  tillage,No,No,No,No,No,Yes,No,No,No,No,5,2,1,2,1,Densely populated,Private indivindual ownership,0,0.714285714,1
Ug_NA_06586_01,20131204,Uganda,Kampala,agriculture,9745.144209,32.6142965,0.432501332,1154,5,spor_f,5,4,6,9,2.9,6,40,13,45,85,2,0.754716981,40,High,Manual tillage,No,No,Yes,No,No,Yes,No,No,Yes,No,5,2,1,2,1,Densely populated,Private indivindual ownership,1,0.714285714,1
Ug_NA_07605_02,20131209,Uganda,Kampala,semi_natural_vegetation,10108.23445,32.56789613,0.402852558,1197,3,spor_f,3,4,1,5,3.6,4,0.333333333,102,0,97.66666667,2,0.003257329,97.66666667,Non use,No  tillage,No,No,No,Yes,Yes,No,Yes,No,No,No,4,2,1,2,1,Densely populated,Private indivindual ownership,0,0.714285714,2
Ug_NA_07605_01,20131209,Uganda,Kampala,grazing_land,6797.548598,32.56676229,0.403095521,1197,2,spor_f,2,5,7,6,3.6,4,1,100.6666667,0,99.66666667,2,0.009836066,99.66666667,Non use,No  tillage,No,No,No,Yes,No,No,No,No,No,No,4,2,1,2,1,Densely populated,Government (public) ownership,0,0.714285714,0
Ug_NA_07605_03,20131209,Uganda,Kampala,agriculture,586.9699242,32.56751358,0.402690028,1197,7,spor_f,7,3,6,10,3.6,7,19.5,2,72.5,87.5,2,0.906976744,15,High,Manual tillage,No,No,Yes,Yes,No,Yes,No,No,Yes,No,4,2,1,2,1,Densely populated,Private indivindual ownership,1,0.714285714,1
Ug_NA_11138_03,20131210,Uganda,Kampala,agriculture,775.8238306,32.54108094,0.350498011,1170,4,spor_f,8,4,3,10,1,9,4,4,80,95,3,0.5,15,Non use,No  tillage,No,No,No,No,Yes,Yes,Yes,No,No,No,3,2,2,3,0.1,Densely populated,Government (public) ownership,0,1,3
Ug_NA_11138_01,20131210,Uganda,Kampala,semi_natural_vegetation,50790.67071,32.54055378,0.349432353,1167,3,perm_f,3,1,1,5,1,3,0,98.33333333,0,96.66666667,2,0,96.66666667,Non use,No  tillage,No,No,No,No,Yes,Yes,Yes,No,No,No,7,2,1,2,0.1,Densely populated,Government (public) ownership,0,0.714285714,3
Ug_NA_10929_01,20131210,Uganda,Kampala,semi_natural_vegetation,32849.8836,32.60126054,0.358342236,1198,2,spor_f,2,0,1,4,1.6,3,1.5,100.5,0,100,2,0.014705882,100,Non use,No  tillage,No,No,No,No,Yes,Yes,Yes,No,No,No,3,2,2,3,0.05,Densely populated,Private indivindual ownership,0,1,3
Ug_NA_10929_03,20131210,Uganda,Kampala,grazing_land,2151.287877,32.6020158,0.35752014,1220,3,spor_f,3,4,7,7,1.6,3,1,100,0,100,1,0.00990099,100,Low,No  tillage,No,No,No,No,No,No,No,No,No,No,8,2,2,3,0.05,Densely populated,Private indivindual ownership,0,1,0
Ug_NA_10929_02,20131210,Uganda,Kampala,agriculture,1694.593951,32.60040277,0.357992635,1220,8,spor_f,8,4,7,9,1.6,9,75,10,42.5,92.5,2,0.882352941,50,High,Manual tillage,No,No,No,No,No,Yes,No,No,Yes,No,4,2,2,2,0.05,Densely populated,Private indivindual ownership,0,0.857142857,1
Ug_NA_02057_01,20131206,Uganda,Kampala,semi_natural_vegetation,28143.67488,32.68395494,0.562509958,1092,0,perm_f,0,2,0,1,3.4,3,1,104.3333333,0,100,2,0.009493671,100,Non use,No  tillage,No,No,No,No,Yes,Yes,Yes,Yes,No,No,8,2,2,2,4,Moderately  populated,Private indivindual ownership,0,0.857142857,4
Ug_NA_03232_01,20131203,Uganda,Kampala,agriculture,13504.95813,32.6289289,0.527538052,1114,5,spor_f,5,3,5,9,2.8,6,17.75,16.75,43.75,76.25,1,0.514492754,32.5,High,Manual tillage,Yes,Yes,No,No,No,Yes,No,No,Yes,No,4,2,1,2,2,Scarcely populated,Government (public) ownership,2,0.714285714,1
Ug_NA_04185_01,20131205,Uganda,Kampala,agriculture,36744.80527,32.61230722,0.500537029,1114,7,non_f,7,4,7,9,2.9,7,9.666666667,35.66666667,51.66666667,78.33333333,2,0.213235294,26.66666667,High,Excavated land,Yes,Yes,Yes,No,No,Yes,No,No,Yes,Yes,4,2,2,2,0.5,Densely populated,Private indivindual ownership,4,0.857142857,1
Rw_NY_00548_02,20131126,Rwanda,Kigali,agriculture,11514.26629,30.09733821,-1.808419218,1432,7,non_f,7,2,5,10,3.2,7,16,8.666666667,44,65,1,0.648648649,21,High,Manual tillage,No,No,No,No,No,Yes,No,No,Yes,No,7,2,1,2,6,Densely populated,Government (public) ownership,0,0.714285714,1
Rw_NY_02882_03,20131125,Rwanda,Kigali,agriculture,7060.823885,30.20751235,-2.079116044,1336,3,seas_f,3,4,6,9,0,3,12,33.5,52.5,87.5,1,0.263736264,35,High,Manual tillage,Yes,Yes,Yes,No,No,Yes,No,No,Yes,No,7,2,1,2,6,Densely populated,Government (public) ownership,3,0.714285714,1
Rw_NY_00837_01,20131126,Rwanda,Kigali,semi_natural_vegetation,8630.689249,30.08520563,-1.839692216,1513,0,non_f,3,0,1,4,3,4,3.333333333,95.33333333,0,89.33333333,2,0.033783784,89.33333333,Non use,No  tillage,No,No,No,No,Yes,No,Yes,No,No,No,7,2,1,2,6,Densely populated,Government (public) ownership,0,0.714285714,2
Rw_NY_00837_02,20131126,Rwanda,Kigali,agriculture,4364.173545,30.08563225,-1.84033302,1513,4,non_f,4,2,4,8,3,6,3.5,20.5,67.5,87.5,2,0.145833333,20,High,Manual tillage,No,No,No,No,No,Yes,No,No,No,No,7,2,1,2,6,Densely populated,Government (public) ownership,0,0.714285714,1
Rw_NY_00548_01,20131126,Rwanda,Kigali,agriculture,30567.33428,30.09670367,-1.808205778,1503,10,non_f,10,2,5,8,3.2,9,15,38.66666667,31.66666667,81.66666667,2,0.279503106,50,High,Manual tillage,Yes,No,Yes,No,No,Yes,No,No,Yes,No,7,2,1,2,6,Densely populated,Government (public) ownership,2,0.714285714,1
Rw_NY_00199_02,20131119,Rwanda,Kigali,agriculture,20974.43727,30.11963284,-1.770631002,1474,9,non_f,9,2,5,9,2.8,9,5,18.5,80,95,2,0.212765957,15,High,Manual tillage,No,No,No,No,No,Yes,No,No,Yes,No,4,2,1,1,0.3,Densely populated,Government (public) ownership,0,0.571428571,1
Rw_NY_00743_01,20131121,Rwanda,Kigali,agriculture,52651.15989,30.15553951,-1.826300385,1435,8,seas_f,8,4,7,9,3,9,10.33333333,19.66666667,25,53.33333333,1,0.344444444,28.33333333,High,Manual tillage,Yes,Yes,Yes,No,No,Yes,No,No,Yes,Yes,9,1,1,1,3,Moderately  populated,Government (public) ownership,4,0.428571429,1
Rw_NY_00481_01,20131119,Rwanda,Kigali,agriculture,25447.52723,30.17793364,-1.799779375,1461,10,non_f,10,4,8,7,2.4,9,1.5,21,35.5,52.5,1,0.066666667,17,High,Manual tillage,Yes,Yes,Yes,No,No,Yes,No,No,Yes,No,4,2,1,1,0.7,Densely populated,Government (public) ownership,3,0.571428571,1
Rw_NY_00395_01,20131126,Rwanda,Kigali,semi_natural_vegetation,59178.07766,30.15777659,-1.790329058,1447,0,perm_f,0,0,0,1,2.9,3,0,96,0,95,2,0,95,Non use,No  tillage,No,No,No,No,Yes,No,Yes,No,No,No,7,2,1,2,6,Densely populated,Government (public) ownership,0,0.714285714,2
Rw_NY_00572_01,20131118,Rwanda,Kigali,agriculture,3829.502501,30.12321612,-1.810367261,1433,3,seas_f,3,4,6,5,2.9,4,1,104,0,90,1,0.00952381,90,High,Manual tillage,No,No,No,Yes,No,Yes,No,No,Yes,No,5,2,1,2,0.5,Densely populated,Government (public) ownership,0,0.714285714,1
Rw_NY_00572_02,20131118,Rwanda,Kigali,agriculture,49300.11422,30.1242,-1.810721459,1433,10,seas_f,10,2,5,9,2.9,9,6,16,57.5,67.5,2,0.272727273,10,High,Manual tillage,No,No,Yes,No,No,Yes,No,No,Yes,No,5,2,1,2,0.5,Densely populated,Government (public) ownership,1,0.714285714,1
Rw_NY_00639_01,20131117,Rwanda,Kigali,grazing_land,54011.64437,30.10834203,-1.817281869,1483,8,seas_f,8,5,9,6,2.9,9,0,116.5,0,99,1,0,99,Non use,Manual tillage,No,No,No,Yes,No,Yes,No,No,Yes,No,5,2,2,3,2,Densely populated,Private indivindual ownership,0,1,1
Rw_NY_00639_03,20131117,Rwanda,Kigali,semi_natural_vegetation,4487.180416,30.10754088,-1.818105591,1483,0,seas_f,1,0,1,3,2.9,3,0,125,0,100,2,0,100,Non use,No  tillage,No,No,No,Yes,Yes,Yes,Yes,No,No,No,6,2,2,3,2,Densely populated,Private indivindual ownership,0,1,3
Rw_NY_01168_01,20131118,Rwanda,Kigali,agriculture,45284.69788,30.08547838,-1.887447021,1383,5,seas_f,7,4,7,9,2.8,7,38.5,4.5,25,62.5,1,0.895348837,37.5,High,Manual tillage,Yes,Yes,Yes,No,No,Yes,No,No,Yes,Yes,6,2,1,1,0.2,Densely populated,Collective ownership,4,0.571428571,1
Rw_NY_01344_01,20131127,Rwanda,Kigali,grazing_land,2217.646575,30.11915315,-1.901357237,1446,2,non_f,5,3,4,6,2.2,6,1,89,0,90,2,0.011111111,90,High,Manual tillage,No,No,No,No,No,Yes,No,No,Yes,No,7,2,1,2,6,Densely populated,Government (public) ownership,0,0.714285714,1
Rw_NY_01344_02,20131127,Rwanda,Kigali,agriculture,34153.2579,30.11931754,-1.9007444,1446,7,non_f,7,4,7,9,2.2,7,11.4,26.6,27,70,1,0.3,43,High,Manual tillage,No,No,No,No,No,Yes,No,No,Yes,No,4,2,1,2,6,Densely populated,Government (public) ownership,0,0.714285714,1
Rw_NY_04845_01,20131128,Rwanda,Kigali,semi_natural_vegetation,36309.53164,30.05870286,-1.934216199,1378,0,perm_f,0,0,0,4,4.6,5,0,95,0,95,2,0,95,Non use,No  tillage,No,No,No,No,Yes,No,Yes,No,No,No,4,2,1,2,6,Densely populated,Government (public) ownership,0,0.714285714,2
Rw_NY_04758_01,20131127,Rwanda,Kigali,agriculture,51787.92167,30.08792693,-1.93266596,1388,8,non_f,8,4,7,9,4.4,9,6.333333333,22.16666667,45.33333333,73.16666667,1,0.222222222,27.83333333,High,Manual tillage,No,No,No,No,No,Yes,No,No,No,No,4,2,1,2,6,Densely populated,Government (public) ownership,0,0.714285714,1
Rw_NY_05853_01,20131128,Rwanda,Kigali,agriculture,14297.19208,30.07681871,-1.957230319,1384,4,non_f,4,4,6,9,6.1,8,12.5,6.5,82.5,97.5,2,0.657894737,15,High,Manual tillage,No,No,No,No,No,Yes,No,No,No,No,4,2,1,2,6,Densely populated,Government (public) ownership,0,0.714285714,1
Rw_NY_05853_03,20131128,Rwanda,Kigali,semi_natural_vegetation,6377.586085,30.07616747,-1.956501327,1384,0,perm_f,1,0,8,3,6.1,7,5,95,0,100,2,0.05,100,Non use,In.filled.wetland,No,No,No,No,No,No,No,No,No,No,4,2,1,2,6,Densely populated,Government (public) ownership,0,0.714285714,0
Rw_NY_02198_04,20131122,Rwanda,Kigali,agriculture,4727.487495,30.04990951,-2.053573484,1345,10,seas_f,10,4,7,7,2.5,9,12,15,39,50,1,0.444444444,11,High,Manual tillage,Yes,Yes,No,No,No,Yes,No,No,Yes,Yes,6,2,1,2,1.5,Densely populated,Private indivindual ownership,3,0.714285714,1
Rw_NY_02198_02,20131122,Rwanda,Kigali,semi_natural_vegetation,17905.64412,30.04990946,-2.054118902,1345,10,perm_f,10,2,8,5,2.5,9,0,105,0,95,2,0,95,Non use,Manual tillage,No,No,No,Yes,Yes,Yes,Yes,No,No,No,6,2,1,2,1.5,Densely populated,Private indivindual ownership,0,0.714285714,3
Rw_NY_02567_01,20131122,Rwanda,Kigali,semi_natural_vegetation,62499.99998,30.08542784,-2.065741781,1343,0,perm_f,1,0,1,3,2.6,3,0,95,0,90,2,0,90,Non use,No  tillage,No,No,No,No,Yes,No,Yes,No,No,No,6,2,1,2,1.6,Moderately  populated,Government (public) ownership,0,0.714285714,2
Rw_NY_02158_03,20131120,Rwanda,Kigali,semi_natural_vegetation,51829.68518,30.09449095,-2.052389766,1342,2,perm_f,2,0,0,2,1.7,3,0,107.5,0,95,2,0,95,Non use,No  tillage,No,No,No,No,Yes,Yes,Yes,No,No,No,4,2,1,2,2,Densely populated,Government (public) ownership,0,0.714285714,3
Rw_NY_01904_01,20131120,Rwanda,Kigali,grazing_land,7622.860556,30.1300524,-2.038795796,1341,3,seas_f,3,4,7,8,0.4,3,45,50,0,90,1,0.473684211,90,Non use,No  tillage,No,No,No,No,No,Yes,No,No,No,No,4,2,1,2,2,Densely populated,Government (public) ownership,0,0.714285714,1
Rw_NY_01904_02,20131120,Rwanda,Kigali,semi_natural_vegetation,36933.62271,30.13073066,-2.03896494,1341,2,perm_f,2,0,1,5,0.4,3,0.5,104.5,0,92.5,2,0.004761905,92.5,Non use,No  tillage,No,No,No,No,No,Yes,No,No,No,No,4,2,1,2,2,Densely populated,Government (public) ownership,0,0.714285714,1
Rw_NY_02158_02,20131120,Rwanda,Kigali,agriculture,3811.535382,30.09470938,-2.051216873,1342,0,seas_f,2,3,5,9,1.7,3,15,25,35,75,1,0.375,40,High,Manual tillage,Yes,Yes,Yes,Yes,No,Yes,No,No,Yes,Yes,4,2,1,2,2,Densely populated,Government (public) ownership,4,0.714285714,1
Rw_NY_02882_02,20131125,Rwanda,Kigali,semi_natural_vegetation,33310.71176,30.2068865,-2.0796869,1336,0,perm_f,0,0,0,1,0,0,0,111.6666667,0,96.33333333,2,0,96.33333333,Non use,No  tillage,No,No,No,No,Yes,Yes,Yes,No,No,No,6,2,1,2,6,Densely populated,Government (public) ownership,0,0.714285714,3
Tz_IF_06109_01,20131102,Tanzania,Ifakara,semi_natural_vegetation,24097.27823,36.71245419,-8.159480984,248,0,seas_f,0,0,0,2,1.9,1,0,100,0,90,2,0,90,Non use,No  tillage,No,No,No,No,Yes,Yes,Yes,No,No,No,7,2,1,2,10,Densely populated,Government (public) ownership,0,0.714285714,3
Tz_IF_06109_02,20131102,Tanzania,Ifakara,agriculture,38402.71814,36.71137006,-8.159207069,248,0,seas_f,2,3,5,9,1.9,3,25,30,0,55,2,0.454545455,55,High,Manual tillage,No,No,No,No,No,Yes,No,No,No,No,7,2,1,2,4,Densely populated,Government (public) ownership,0,0.714285714,1
Tz_IF_04614_01,20131110,Tanzania,Ifakara,agriculture,62499.99997,36.75733122,-8.125671989,248,2,seas_f,2,3,5,7,1.7,3,1.333333333,53.33333333,3.666666667,53.33333333,1,0.024390244,49.66666667,High,Manual tillage,No,No,No,No,No,Yes,No,No,No,No,10,2,1,2,3,Scarcely populated,Private indivindual ownership,0,0.714285714,1
Tz_IF_05907_02,20131031,Tanzania,Ifakara,semi_natural_vegetation,291.5458486,36.71097909,-8.155878359,249,1,seas_f,1,0,1,2,1.9,2,0,85,0,85,1,0,85,Non use,No  tillage,No,No,No,No,Yes,Yes,Yes,No,No,No,6,2,1,2,10,Densely populated,Private indivindual ownership,0,0.714285714,3
Tz_IF_05907_01,20131031,Tanzania,Ifakara,agriculture,62208.45373,36.71181767,-8.154788482,249,1,seas_f,2,3,5,8,1.9,3,47.5,17.5,2.5,57.5,1,0.730769231,55,High,Mechanized tillage,Yes,Yes,No,Yes,No,Yes,No,No,Yes,No,6,2,1,2,10,Densely populated,Private indivindual ownership,2,0.714285714,1
Tz_IF_04797_02,20131102,Tanzania,Ifakara,fallow,7072.554917,36.7133319,-8.130198897,254,3,seas_f,3,2,2,5,1.9,3,5.5,82.5,0,80,2,0.0625,80,Moderate,No  tillage,No,No,No,No,No,Yes,No,No,No,No,7,2,1,2,4,Densely populated,Government (public) ownership,0,0.714285714,1
Tz_IF_04797_04,20131102,Tanzania,Ifakara,agriculture,22739.41792,36.71446368,-8.130611139,254,2,seas_f,2,3,5,9,1.9,3,2,26,0,28,1,0.071428571,28,High,Manual tillage,No,No,No,No,No,Yes,No,No,No,No,7,2,1,2,4,Densely populated,Government (public) ownership,0,0.714285714,1
Tz_IF_04797_03,20131102,Tanzania,Ifakara,agriculture,13584.70196,36.714413,-8.129803207,254,3,non_f,3,4,6,9,1.9,3,40,20,30,90,1,0.666666667,60,High,Manual tillage,No,No,No,No,No,Yes,No,No,No,No,7,2,1,2,4,Densely populated,Government (public) ownership,0,0.714285714,1
Tz_IF_04797_01,20131102,Tanzania,Ifakara,agriculture,19103.32098,36.7141295,-8.129179144,254,2,seas_f,2,3,5,9,1.9,3,5,37,0,40,1,0.119047619,40,High,Manual tillage,No,No,No,No,No,Yes,No,No,No,No,7,2,1,2,4,Densely populated,Government (public) ownership,0,0.714285714,1
Tz_IF_05296_03,20131101,Tanzania,Ifakara,agriculture,18321.83335,36.70130127,-8.141351464,256,2,seas_f,2,3,5,9,1.9,3,1,15,1,15,1,0.0625,14,High,Manual tillage,No,No,No,No,No,Yes,No,No,No,No,4,2,2,2,10,Densely populated,Private indivindual ownership,0,0.857142857,1
Tz_IF_05296_01,20131101,Tanzania,Ifakara,agriculture,23260.87409,36.6999396,-8.140988404,254,2,seas_f,5,4,6,8,1.9,6,10,55,0,40,1,0.153846154,40,High,Mechanized tillage,Yes,Yes,No,No,No,Yes,No,No,Yes,No,4,2,2,2,10,Densely populated,Private indivindual ownership,2,0.857142857,1
Tz_IF_06492_03,20131105,Tanzania,Ifakara,semi_natural_vegetation,60758.39382,36.66414362,-8.16810308,249,0,seas_f,0,0,0,1,1,1,0,100,0,100,2,0,100,High,No  tillage,No,No,No,No,Yes,No,Yes,No,No,No,6,1,1,2,1,Densely populated,Private indivindual ownership,0,0.571428571,2
Tz_IF_06492_01,20131105,Tanzania,Ifakara,semi_natural_vegetation,946.644411,36.66312092,-8.167099903,249,1,seas_f,1,0,1,3,1,2,0,20,0,20,1,0,20,High,No  tillage,No,No,No,No,Yes,No,Yes,No,No,No,6,1,1,2,1,Densely populated,Private indivindual ownership,0,0.571428571,2
Tz_IF_06492_02,20131105,Tanzania,Ifakara,agriculture,794.142734,36.66310279,-8.167381182,249,2,seas_f,2,3,5,9,1,3,69,2,0,70,1,0.971830986,70,High,Mechanized tillage,No,No,No,No,No,Yes,No,No,Yes,No,6,1,1,2,1,Densely populated,Private indivindual ownership,0,0.571428571,1
Tz_IF_05171_02,20131106,Tanzania,Ifakara,semi_natural_vegetation,14331.2923,36.64638971,-8.139431368,257,0,non_f,3,0,1,4,1,3,5,110,10,100,2,0.043478261,90,High,No  tillage,No,No,No,No,Yes,No,Yes,No,No,No,10,2,1,2,3,Scarcely populated,Private indivindual ownership,0,0.714285714,2
Tz_IF_05471_04,20131108,Tanzania,Ifakara,agriculture,11944.01662,36.63947051,-8.146162799,253,0,seas_f,2,3,5,10,1,3,5.5,0,65,70,1,1,5,High,Manual tillage,No,No,No,No,No,Yes,No,No,No,No,10,2,1,2,3,Scarcely populated,Private indivindual ownership,0,0.714285714,1
Tz_IF_03052_04,20131103,Tanzania,Ifakara,semi_natural_vegetation,6765.002248,36.65032054,-8.092049973,274,1,seas_f,1,0,1,4,1,2,0,80,0,80,2,0,80,Non use,No  tillage,No,No,No,No,Yes,Yes,Yes,No,No,No,6,1,1,1,4,Moderately  populated,Private indivindual ownership,0,0.428571429,3
Tz_IF_03052_02,20131103,Tanzania,Ifakara,agriculture,7398.178123,36.65147919,-8.091532208,275,4,non_f,4,3,5,9,1,6,10,6,2,20,2,0.625,18,High,Tillage using ox-plough,No,No,Yes,Yes,No,Yes,No,No,Yes,No,6,1,1,1,4,Moderately  populated,Private indivindual ownership,1,0.428571429,1
Tz_IF_03052_01,20131103,Tanzania,Ifakara,agriculture,46375.526,36.65103339,-8.091073184,275,2,seas_f,2,3,5,9,1,3,16.5,4,15,33.75,1,0.804878049,18.75,High,Tillage using ox-plough,No,No,Yes,Yes,No,Yes,No,No,Yes,No,6,1,1,1,4,Moderately  populated,Private indivindual ownership,1,0.428571429,1
Tz_IF_11206_02,20131107,Tanzania,Ifakara,grazing_land,12151.57008,36.42580329,-8.16932593,263,0,seas_f,1,2,4,4,0.3,1,15.66666667,59,0,65,2,0.209821429,65,Non use,No  tillage,No,No,No,Yes,Yes,Yes,Yes,No,No,No,10,2,1,2,3,Scarcely populated,Private indivindual ownership,0,0.714285714,3
Tz_IF_11206_03,20131107,Tanzania,Ifakara,agriculture,40751.46691,36.42642686,-8.16875806,263,3,seas_f,3,4,6,9,0.3,3,21.5,1,22.5,50,1,0.955555556,27.5,High,Tillage using ox-plough,No,No,No,No,No,Yes,No,No,Yes,No,10,2,1,2,3,Scarcely populated,Private indivindual ownership,0,0.714285714,1
Tz_IF_11206_01,20131107,Tanzania,Ifakara,agriculture,5463.735122,36.42533038,-8.169762329,263,1,seas_f,2,3,5,9,0.3,3,30,5,40,75,1,0.857142857,35,High,Tillage using ox-plough,No,No,No,No,No,Yes,No,No,Yes,No,10,2,1,2,3,Scarcely populated,Private indivindual ownership,0,0.714285714,1
Tz_IF_11087_03,20131107,Tanzania,Ifakara,agriculture,32921.95382,36.42638794,-8.153234126,269,0,spor_f,2,3,5,8,0.3,3,30.33333333,15,16.66666667,60,1,0.669117647,43.33333333,High,Tillage using ox-plough,No,No,No,Yes,No,Yes,No,No,Yes,No,6,1,1,1,4,Scarcely populated,Private indivindual ownership,0,0.428571429,1
Tz_IF_12077_01,20131109,Tanzania,Ifakara,agriculture,25015.831,36.26074048,-8.188675452,280,4,spor_f,4,4,6,9,2.6,6,35,37.5,15,70,1,0.482758621,55,High,Manual tillage,No,No,No,No,No,Yes,No,No,No,No,10,2,1,2,3,Scarcely populated,Private indivindual ownership,0,0.714285714,1
Tz_IF_11087_02,20131107,Tanzania,Ifakara,agriculture,3731.898354,36.42505042,-8.153726327,269,0,spor_f,2,3,5,8,0.3,3,1,15,1,15,1,0.0625,14,High,Tillage using ox-plough,No,No,No,Yes,No,Yes,No,No,Yes,No,6,1,1,1,4,Scarcely populated,Private indivindual ownership,0,0.428571429,1
Tz_IF_11087_01,20131107,Tanzania,Ifakara,semi_natural_vegetation,19854.91029,36.42546607,-8.153305056,269,0,spor_f,1,0,1,3,0.3,1,1,45,0,70,2,0.02173913,70,Non use,No  tillage,No,No,No,No,Yes,Yes,Yes,No,No,No,6,1,1,1,4,Scarcely populated,Private indivindual ownership,0,0.428571429,3
Tz_IF_11087_04,20131107,Tanzania,Ifakara,semi_natural_vegetation,5900.442805,36.42694207,-8.152607235,269,0,spor_f,1,0,1,3,0.3,1,1,85,0,75,2,0.011627907,75,Non use,No  tillage,No,No,No,No,Yes,No,Yes,No,No,No,6,1,1,1,4,Scarcely populated,Private indivindual ownership,0,0.428571429,2
Tz_IF_12077_02,20131109,Tanzania,Ifakara,agriculture,32760.65678,36.26124162,-8.189693745,280,6,spor_f,6,2,4,8,2.6,7,16.66666667,47.33333333,25,81.66666667,2,0.260416667,56.66666667,High,Manual tillage,No,No,No,No,No,Yes,No,No,No,No,10,2,1,2,3,Scarcely populated,Private indivindual ownership,0,0.714285714,1
Ke_EN_04759_03,20131018,Kenya,Rumuruti,agriculture,10062.62132,36.52934892,0.24608592,1846,3,non_f,5,4,6,10,2.3,6,2,0.5,32.5,32.5,0,0.8,0,High,Manual tillage,Yes,Yes,Yes,No,No,Yes,No,No,Yes,Yes,5,2,2,2,3,Scarcely populated,Private indivindual ownership,4,0.857142857,1
Ke_EN_04759_04,20131018,Kenya,Rumuruti,fallow,22192.41201,36.52897442,0.245096585,1846,3,non_f,5,2,2,9,2.3,6,47.5,12.5,1,50,1,0.791666667,49,Moderate,Manual tillage,No,No,No,Yes,No,Yes,No,No,Yes,Yes,5,2,2,2,3,Scarcely populated,Private indivindual ownership,1,0.857142857,1
Ke_EN_02450_02,20131024,Kenya,Rumuruti,semi_natural_vegetation,37596.15901,36.59060889,0.317420307,1798,0,seas_f,1,1,3,2,3,3,1,77.5,0,70,2,0.012738854,70,Non use,No  tillage,No,No,No,Yes,Yes,Yes,Yes,No,No,No,6,1,1,1,9,Scarcely populated,Government (public) ownership,0,0.428571429,3
Ke_EN_02450_01,20131024,Kenya,Rumuruti,grazing_land,24768.11702,36.58954065,0.317684672,1798,1,seas_f,1,2,4,5,3,3,1.5,90,0,82.5,2,0.016393443,82.5,Non use,No  tillage,No,No,No,Yes,Yes,Yes,Yes,No,No,No,6,1,1,1,9,Scarcely populated,Government (public) ownership,0,0.428571429,3
Ke_EN_05117_05,20131020,Kenya,Rumuruti,agriculture,1264.267083,36.51465209,0.233910754,1880,1,seas_f,2,3,5,9,2.3,4,15,20,3,40,1,0.428571429,37,High,Manual tillage,No,No,No,Yes,No,Yes,No,No,No,No,6,2,2,3,8,Scarcely populated,Private indivindual ownership,0,1,1
Ke_EN_05117_04,20131019,Kenya,Rumuruti,semi_natural_vegetation,12550.83533,36.51403721,0.233948818,1880,2,seas_f,2,2,1,3,2.3,4,2,117.5,0,100,2,0.016736402,100,Non use,No  tillage,No,No,No,Yes,Yes,Yes,Yes,No,No,No,4,2,2,3,8,Scarcely populated,Private indivindual ownership,0,1,3
Ke_EN_05117_07,20131020,Kenya,Rumuruti,fallow,7543.639548,36.51413479,0.233440601,1880,1,seas_f,1,4,3,8,2.3,3,15,80,0,90,1,0.157894737,90,Moderate,Excavated land,No,No,No,Yes,No,Yes,No,No,Yes,Yes,6,2,2,3,6,Scarcely populated,Private indivindual ownership,1,1,1
Ke_EN_05115_11,20131020,Kenya,Rumuruti,fallow,2637.617143,36.51001189,0.233510554,1880,3,seas_f,3,1,1,8,2.3,4,3.5,54,0,57.5,1,0.060869565,57.5,Low,No  tillage,No,No,No,Yes,No,Yes,No,No,No,No,4,1,1,1,8,Scarcely populated,Private indivindual ownership,0,0.428571429,1
Ke_EN_05115_12,20131020,Kenya,Rumuruti,agriculture,9878.588062,36.50882493,0.233728589,1880,2,seas_f,2,3,5,10,2.3,4,41,1,23,47.5,1,0.976190476,24.5,High,Excavated land,Yes,Yes,Yes,Yes,No,Yes,No,No,Yes,Yes,4,2,1,2,8,Scarcely populated,Private indivindual ownership,4,0.714285714,1
Ke_EN_02317_02,20131021,Kenya,Rumuruti,grazing_land,49830.38895,36.61917817,0.322198466,1791,5,seas_f,5,3,4,7,3.4,6,1,105,0,99,1,0.009433962,99,Low,No  tillage,No,Yes,No,Yes,No,Yes,No,No,Yes,Yes,6,2,1,2,6,Moderately  populated,Government (public) ownership,2,0.714285714,1
Ke_EN_02317_01,20131021,Kenya,Rumuruti,semi_natural_vegetation,12527.17501,36.61996093,0.321358023,1791,6,seas_f,6,1,1,4,3.4,7,1.5,114,0,99,1,0.012987013,99,High,No  tillage,No,No,No,No,No,Yes,No,No,No,No,6,2,2,3,6,Scarcely populated,Private indivindual ownership,0,1,1
Ke_EN_01448_03,20131022,Kenya,Rumuruti,semi_natural_vegetation,7277.554613,36.63580839,0.348345965,1792,0,seas_f,1,0,1,4,3.3,3,1,90,0,85,2,0.010989011,85,Low,No  tillage,No,No,No,Yes,Yes,Yes,Yes,No,No,No,6,1,1,1,9,Moderately  populated,Government (public) ownership,0,0.428571429,3
Ke_EN_01448_01,20131022,Kenya,Rumuruti,agriculture,15750.60897,36.63521002,0.348712744,1792,2,seas_f,2,3,5,9,3.3,4,40,5.5,1,45,1,0.879120879,44,High,Manual tillage,No,Yes,Yes,Yes,No,Yes,No,No,Yes,Yes,6,1,1,1,9,Scarcely populated,Government (public) ownership,3,0.428571429,1
Ke_EN_01448_02,20131022,Kenya,Rumuruti,semi_natural_vegetation,30183.33743,36.63477667,0.349238381,1792,1,seas_f,1,0,1,4,3.3,3,1,99.5,0,92.5,2,0.009950249,92.5,High,No  tillage,No,No,No,Yes,Yes,Yes,Yes,No,No,No,6,1,1,1,9,Moderately  populated,Government (public) ownership,0,0.428571429,3
Ke_EN_01734_05,20131023,Kenya,Rumuruti,agriculture,14923.91915,36.62236341,0.339799653,1792,5,seas_f,5,5,6,9,2.4,6,15.5,32.5,1.5,45,1,0.322916667,43.5,High,Manual tillage,Yes,Yes,Yes,No,No,Yes,No,No,Yes,No,6,1,1,1,9,Moderately  populated,Government (public) ownership,3,0.428571429,1
Ke_EN_01734_01,20131023,Kenya,Rumuruti,agriculture,2042.773664,36.62114981,0.341080725,1792,3,seas_f,3,4,6,9,2.4,4,42,25,5,70,1,0.626865672,65,High,Manual tillage,No,No,No,No,No,Yes,No,No,Yes,No,8,1,1,1,9,Moderately  populated,Government (public) ownership,0,0.428571429,1
Ke_EN_01734_04,20131023,Kenya,Rumuruti,agriculture,6184.649253,36.62140186,0.3398712,1792,6,seas_f,6,4,6,9,2.4,7,16,70,5,75,1,0.186046512,70,High,Manual tillage,No,No,No,Yes,No,Yes,No,No,Yes,No,1,1,1,1,9,Moderately  populated,Government (public) ownership,0,0.428571429,1
Ke_EN_01734_02,20131023,Kenya,Rumuruti,semi_natural_vegetation,14865.72895,36.62136181,0.340814167,1792,2,seas_f,1,0,1,4,2.4,3,5,97,0,90,2,0.049019608,90,Non use,No  tillage,No,No,No,Yes,Yes,Yes,Yes,No,No,No,8,1,1,1,9,Moderately  populated,Government (public) ownership,0,0.428571429,3
Ke_EN_01734_03,20131023,Kenya,Rumuruti,grazing_land,24340.00235,36.62134058,0.339806987,1792,3,seas_f,3,3,4,5,2.4,4,1,91,0,90,2,0.010869565,90,High,No  tillage,No,No,No,No,Yes,Yes,Yes,No,No,No,8,1,1,1,9,Moderately  populated,Government (public) ownership,0,0.428571429,3
Ke_EN_02519_01,20131025,Kenya,Rumuruti,grazing_land,4458.457217,36.58189741,0.314334468,1804,2,seas_f,2,2,4,6,3,4,1,102,0,99,1,0.009708738,99,Non use,No  tillage,No,No,No,No,Yes,No,Yes,No,No,No,6,1,1,1,10,Scarcely populated,Government (public) ownership,0,0.428571429,2
Ke_EN_02519_02,20131025,Kenya,Rumuruti,semi_natural_vegetation,8190.517332,36.58189653,0.314892352,1804,4,seas_f,4,1,1,3,3,6,0.5,112.5,0,99,1,0.004424779,99,Non use,No  tillage,No,No,No,No,Yes,No,Yes,No,No,No,6,1,1,1,10,Scarcely populated,Government (public) ownership,0,0.428571429,2
